Madeleine,Stilwell,13502774,Madeleine.Stilwell@college.harvard.edu,1
Deirdre,Khorma,11100518,Deirdre.Khorma@college.harvard.edu,1
Chloris,Shaddock,14456015,Chloris.Shaddock@college.harvard.edu,1
Deirdre,Ioab,11777577,Deirdre.Ioab@college.harvard.edu,1
Catrina,Persse,14686761,Catrina.Persse@college.harvard.edu,1
Kaia,Cavan,19395700,Kaia.Cavan@college.harvard.edu,1
Marti,Alva,15373184,Marti.Alva@college.harvard.edu,1
Lauryn,Tamsky,14140421,Lauryn.Tamsky@college.harvard.edu,1
Maridel,Madaih,10107444,Maridel.Madaih@college.harvard.edu,1
Ann-Marie,Sherrie,13813311,Ann-Marie.Sherrie@college.harvard.edu,1
Myriam,Sinegold,15041739,Myriam.Sinegold@college.harvard.edu,1
Aigneis,Zeeba,15499848,Aigneis.Zeeba@college.harvard.edu,1
Lacie,Hartnett,18592300,Lacie.Hartnett@college.harvard.edu,1
Raf,Sprage,15721990,Raf.Sprage@college.harvard.edu,1
Alia,Ax,18292267,Alia.Ax@college.harvard.edu,1
Sara-Ann,Leopold,14818968,Sara-Ann.Leopold@college.harvard.edu,1
Orelia,Diann,16575256,Orelia.Diann@college.harvard.edu,1
Beatriz,Stover,15517463,Beatriz.Stover@college.harvard.edu,1
Phedra,Daegal,14322765,Phedra.Daegal@college.harvard.edu,1
Xylina,Yorick,18703690,Xylina.Yorick@college.harvard.edu,1
Dione,Rad,17225979,Dione.Rad@college.harvard.edu,1
Althea,Ingra,14546027,Althea.Ingra@college.harvard.edu,1
Lila,Fink,12762578,Lila.Fink@college.harvard.edu,1
Elyssa,Ferrell,14483367,Elyssa.Ferrell@college.harvard.edu,1
Tabbatha,Nore,18599543,Tabbatha.Nore@college.harvard.edu,1
Estell,Swanhildas,15322491,Estell.Swanhildas@college.harvard.edu,1
Agathe,Zachary,10057785,Agathe.Zachary@college.harvard.edu,1
Bibby,Lissi,16096602,Bibby.Lissi@college.harvard.edu,1
Carol-Jean,Eno,15376129,Carol-Jean.Eno@college.harvard.edu,1
Averyl,Brieta,15653824,Averyl.Brieta@college.harvard.edu,1
Ivett,Rona,19991106,Ivett.Rona@college.harvard.edu,1
Nollie,Clie,12582290,Nollie.Clie@college.harvard.edu,1
Kamilah,Margret,14691040,Kamilah.Margret@college.harvard.edu,1
Audrie,Weaks,11069346,Audrie.Weaks@college.harvard.edu,1
Latisha,Fink,18665119,Latisha.Fink@college.harvard.edu,1
Belva,Hylan,15664126,Belva.Hylan@college.harvard.edu,1
Katleen,Norvol,16415829,Katleen.Norvol@college.harvard.edu,1
Lesly,Serilda,14253166,Lesly.Serilda@college.harvard.edu,1
Sissy,Nerita,11476996,Sissy.Nerita@college.harvard.edu,1
Rosabelle,Haerr,14713897,Rosabelle.Haerr@college.harvard.edu,1
Claudina,Eben,15516426,Claudina.Eben@college.harvard.edu,1
Jessy,Justinn,15859306,Jessy.Justinn@college.harvard.edu,1
Raina,Jammal,13224952,Raina.Jammal@college.harvard.edu,1
Bobinette,Jagir,17701556,Bobinette.Jagir@college.harvard.edu,1
Molli,Belldas,17872710,Molli.Belldas@college.harvard.edu,1
Edith,Niles,14699985,Edith.Niles@college.harvard.edu,1
Carmencita,Mullane,10923218,Carmencita.Mullane@college.harvard.edu,1
Malina,Seligman,10541114,Malina.Seligman@college.harvard.edu,1
Lacie,Phyllis,18497809,Lacie.Phyllis@college.harvard.edu,1
Heddie,Drus,14151283,Heddie.Drus@college.harvard.edu,1
Halette,Smitt,16408364,Halette.Smitt@college.harvard.edu,1
Tracey,Kenney,12275100,Tracey.Kenney@college.harvard.edu,1
Kayla,Kaete,11745772,Kayla.Kaete@college.harvard.edu,1
Mara,Alva,19709563,Mara.Alva@college.harvard.edu,1
Florencia,Marlie,11345702,Florencia.Marlie@college.harvard.edu,1
Latisha,Aaberg,14259647,Latisha.Aaberg@college.harvard.edu,1
Lolita,Rheingold,12345849,Lolita.Rheingold@college.harvard.edu,1
Xylina,Even,13230029,Xylina.Even@college.harvard.edu,1
Drucie,Karylin,18703631,Drucie.Karylin@college.harvard.edu,1
Mireielle,Bury,14284381,Mireielle.Bury@college.harvard.edu,1
Jenilee,Huggins,11353279,Jenilee.Huggins@college.harvard.edu,1
Henriette,Orelee,12796359,Henriette.Orelee@college.harvard.edu,1
Jessy,Andrel,12427820,Jessy.Andrel@college.harvard.edu,1
Leanna,Kristi,13223277,Leanna.Kristi@college.harvard.edu,1
Kary,Mozelle,16343712,Kary.Mozelle@college.harvard.edu,1
Elvira,Trace,18261690,Elvira.Trace@college.harvard.edu,1
Karena,Yoko,16626949,Karena.Yoko@college.harvard.edu,1
Averyl,Wind,10748159,Averyl.Wind@college.harvard.edu,1
Fina,Hull,16052461,Fina.Hull@college.harvard.edu,1
Marcy,Sisile,14867222,Marcy.Sisile@college.harvard.edu,1
Maisey,Olin,17580574,Maisey.Olin@college.harvard.edu,1
Ketti,Ingra,17136288,Ketti.Ingra@college.harvard.edu,1
Reeba,Oscar,10822005,Reeba.Oscar@college.harvard.edu,1
Sheelagh,Rad,10297506,Sheelagh.Rad@college.harvard.edu,1
Darci,Agle,18206648,Darci.Agle@college.harvard.edu,1
Vinita,Halla,15971409,Vinita.Halla@college.harvard.edu,1
Atlanta,Arley,10870863,Atlanta.Arley@college.harvard.edu,1
Maisey,Cosenza,18204275,Maisey.Cosenza@college.harvard.edu,1
Jenda,Morrill,16764648,Jenda.Morrill@college.harvard.edu,1
Allyce,Kannry,19389781,Allyce.Kannry@college.harvard.edu,1
Nyssa,Himelman,12791091,Nyssa.Himelman@college.harvard.edu,1
Bee,Eckblad,17355908,Bee.Eckblad@college.harvard.edu,1
Marcelline,Orpah,12368583,Marcelline.Orpah@college.harvard.edu,1
Antonietta,Lissi,18580384,Antonietta.Lissi@college.harvard.edu,1
Wileen,Donoghue,10603081,Wileen.Donoghue@college.harvard.edu,1
Maisey,Lacombe,13605710,Maisey.Lacombe@college.harvard.edu,1
Bibby,Lowry,14671785,Bibby.Lowry@college.harvard.edu,1
Taffy,Tannie,12091752,Taffy.Tannie@college.harvard.edu,1
Jacenta,Brittani,12443962,Jacenta.Brittani@college.harvard.edu,1
Fanchon,Hurley,10431961,Fanchon.Hurley@college.harvard.edu,1
Nannie,Guthrie,10524332,Nannie.Guthrie@college.harvard.edu,1
Tomasina,Hoban,15333981,Tomasina.Hoban@college.harvard.edu,1
Allis,Fabiola,13054759,Allis.Fabiola@college.harvard.edu,1
Margette,Izaak,14666115,Margette.Izaak@college.harvard.edu,1
Corina,Egbert,18200203,Corina.Egbert@college.harvard.edu,1
Ivett,Emanuel,11962219,Ivett.Emanuel@college.harvard.edu,1
Joceline,Ursulette,14689932,Joceline.Ursulette@college.harvard.edu,1
Belva,Even,16032558,Belva.Even@college.harvard.edu,1
Sabina,Arley,15914055,Sabina.Arley@college.harvard.edu,1
Concettina,Madaih,16193384,Concettina.Madaih@college.harvard.edu,1
Gavrielle,Rustice,16139691,Gavrielle.Rustice@college.harvard.edu,1
Carolina,Pacorro,16629153,Carolina.Pacorro@college.harvard.edu,1
Orelia,Lutero,14764404,Orelia.Lutero@college.harvard.edu,1
Elka,Greyson,17937475,Elka.Greyson@college.harvard.edu,1
Augustine,Thomasina,12515035,Augustine.Thomasina@college.harvard.edu,1
Damaris,Brunell,16201584,Damaris.Brunell@college.harvard.edu,1
Valli,Stav,15742963,Valli.Stav@college.harvard.edu,1
Maurene,Ivens,15557984,Maurene.Ivens@college.harvard.edu,1
Hermione,Garek,18831561,Hermione.Garek@college.harvard.edu,1
Michaelina,Carbo,13380775,Michaelina.Carbo@college.harvard.edu,1
Joane,Hourigan,16156345,Joane.Hourigan@college.harvard.edu,1
Max,Wilkinson,17436077,Max.Wilkinson@college.harvard.edu,1
Danny,McGrody,10636581,Danny.McGrody@college.harvard.edu,1
Marsiella,Amadas,19883735,Marsiella.Amadas@college.harvard.edu,1
Kate,Kannry,14745114,Kate.Kannry@college.harvard.edu,1
Rubie,Marijo,15074851,Rubie.Marijo@college.harvard.edu,1
Hallie,Goddard,13455127,Hallie.Goddard@college.harvard.edu,1
Cristine,Pond,16467043,Cristine.Pond@college.harvard.edu,1
Minda,Wu,16437665,Minda.Wu@college.harvard.edu,1
Sara-Ann,Gregrory,13244934,Sara-Ann.Gregrory@college.harvard.edu,1
Aigneis,Halla,12008990,Aigneis.Halla@college.harvard.edu,1
Barbara,Henrie,19278933,Barbara.Henrie@college.harvard.edu,1
Briney,Fairweather,19201081,Briney.Fairweather@college.harvard.edu,1
Feliza,McNully,11725282,Feliza.McNully@college.harvard.edu,1
Alisha,Gordon,10221779,Alisha.Gordon@college.harvard.edu,1
Charissa,Kiersten,15314929,Charissa.Kiersten@college.harvard.edu,1
Alleen,Norvol,11985200,Alleen.Norvol@college.harvard.edu,1
Riannon,Wattenberg,18531901,Riannon.Wattenberg@college.harvard.edu,1
Sidoney,Killigrew,16927572,Sidoney.Killigrew@college.harvard.edu,1
Frances,Hilbert,17327449,Frances.Hilbert@college.harvard.edu,1
Trixi,Colp,13936750,Trixi.Colp@college.harvard.edu,1
Teriann,Lucienne,19638455,Teriann.Lucienne@college.harvard.edu,1
Sybille,Seessel,16966292,Sybille.Seessel@college.harvard.edu,1
Lusa,Linskey,18582240,Lusa.Linskey@college.harvard.edu,1
Miquela,Helve,18299466,Miquela.Helve@college.harvard.edu,1
Sharlene,Alrich,15747058,Sharlene.Alrich@college.harvard.edu,1
Brana,Concha,12564036,Brana.Concha@college.harvard.edu,1
Jasmina,Monk,10551394,Jasmina.Monk@college.harvard.edu,1
Fredericka,Bartlett,13291701,Fredericka.Bartlett@college.harvard.edu,1
Therine,Ezar,10098113,Therine.Ezar@college.harvard.edu,1
Olivette,Aldric,17357122,Olivette.Aldric@college.harvard.edu,1
Ottilie,Johnsson,19616157,Ottilie.Johnsson@college.harvard.edu,1
Alexine,Torray,10784623,Alexine.Torray@college.harvard.edu,1
Giustina,Imelida,14146407,Giustina.Imelida@college.harvard.edu,1
Sean,Remmer,10100627,Sean.Remmer@college.harvard.edu,1
Laure,Romelda,17000645,Laure.Romelda@college.harvard.edu,1
Tatiania,Lauraine,13852694,Tatiania.Lauraine@college.harvard.edu,1
Catrina,Hartnett,13896696,Catrina.Hartnett@college.harvard.edu,1
Catharine,Gaal,10492544,Catharine.Gaal@college.harvard.edu,1
Aaren,Ashely,12020784,Aaren.Ashely@college.harvard.edu,1
Nyssa,Ovid,16125984,Nyssa.Ovid@college.harvard.edu,1
Stevana,Orlene,12857917,Stevana.Orlene@college.harvard.edu,1
Renae,Rheingold,12349951,Renae.Rheingold@college.harvard.edu,1
Susan,Tamsky,10741571,Susan.Tamsky@college.harvard.edu,1
Kary,Mike,13717657,Kary.Mike@college.harvard.edu,1
Elmira,Helve,12044802,Elmira.Helve@college.harvard.edu,1
Lynea,Nikaniki,13410137,Lynea.Nikaniki@college.harvard.edu,1
Kathi,Korey,14116501,Kathi.Korey@college.harvard.edu,1
Ana,Bollay,19210549,Ana.Bollay@college.harvard.edu,1
Selia,Leler,10779599,Selia.Leler@college.harvard.edu,1
Kristina,Roscoe,17390121,Kristina.Roscoe@college.harvard.edu,1
Allis,Halsey,15226344,Allis.Halsey@college.harvard.edu,1
Abbie,Mich,11327673,Abbie.Mich@college.harvard.edu,1
Wilma,Justinn,10037489,Wilma.Justinn@college.harvard.edu,1
Fayre,Erich,15748763,Fayre.Erich@college.harvard.edu,1
Aurore,Martsen,18671855,Aurore.Martsen@college.harvard.edu,1
Karolina,Suzetta,16865470,Karolina.Suzetta@college.harvard.edu,1
Aryn,Crudden,18626775,Aryn.Crudden@college.harvard.edu,1
Lanna,Kaja,10324447,Lanna.Kaja@college.harvard.edu,1
Liana,Redmond,12845395,Liana.Redmond@college.harvard.edu,1
Adelle,Nea,13071744,Adelle.Nea@college.harvard.edu,1
Bertine,Avi,15189854,Bertine.Avi@college.harvard.edu,1
Imojean,Rad,13287914,Imojean.Rad@college.harvard.edu,1
Angelique,Briney,14065940,Angelique.Briney@college.harvard.edu,1
Jeanna,Gordon,18251154,Jeanna.Gordon@college.harvard.edu,1
